 CHINEUR	DATE	Qual	VILLE	CP	LIEU-dit Le Christ	Exposants	PML	FRA	MAISON	Commentaires	DÃĐtails
FRA	17/01/2026	3	ABLEIGES	95450	A15	150	519 âŽ	0 âŽ	209 âŽ		
PML	17/01/2026		ABLEIGES	95450	A15	100		0 âŽ			
FRA	25/01/2026	0	CERGY	95000	Decathlon	150				1ere brocante organisÃĐe Ã  cet endroit depuis des annÃĐes , pas trÃĻs loin de chez nous. Surtout vendeurs de bazars	
PML	08/03/2026	0	PONTOISE	95300	Gymnase  Marie Laurencin	60	10		13	ArrivÃĐe Ã  6:15. Mieux vaut 6h car les exposants  pour la plupart avaient amenÃĐ  leurs cartons la veille; beaucoup de chineurs pros car rien autour.  quelques tables vides !Ã faire en coup de vent	GÃĒteaux=13âŽ+Boutons=2âŽ+Picasso=5âŽ+boite epingle et Calculette Raymond=1âŽ+divers =2âŽ
FRA	08/03/2026		PONTOISE	95300	Gymnase  Marie Laurencin	60	5			ArrivÃĐe Ã  6h15, contrairement Ã  mon attente; on a pu entrer sans difficultÃĐ, personne ne controller. On aurait du arriver plus tÃīt car des exposants dÃĐballÃĐs et des pros ÃĐtaient dÃĐjÃ  sur place. La dame Ã  qui j'ai achetÃĐ des boutons va me recontacter 	Boutons + dentelle =4âŽ
PML	14/03/2026		ABLEIGES	95450	A15	300	135		23	arrivÃĐe 6:45. c'est bien. beaucoup exposants	oeufs=18âŽ+Patates=5âŽ+AymÃĐ=40âŽ+ProustAnglais=20âŽ+Jaguar=5âŽ+livres=40âŽ+Coutures=10âŽ+Boutons=20âŽ
FRA	14/03/2026		ABLEIGES	95450	A15	300	2	95	20	On est allÃĐe Ã  2. 	poÃŠle Woke:10âŽ+Patates:10âŽ+ boutons militaires :80âŽ +boutons :2âŽ +torchons :7âŽ + Missel + livre ecole :6âŽ
PML	15/03/2026		ABLEIGES	95450	A15	200	8		3	Un peu moins d'exposants que la veille. J ai entendu des chineurs dire que Flins n'ÃĐtait pas terrible	Livres=8âŽ+oeufs=3$
FRA	15/03/2026		ABLEIGES	95450	A15	200		5	8		lot linge ancien :1 Chemise ancienne +. drap brode richelieu + 4 culottes anciennes : 4 âŽ +2 tupperware (pichet & pot cuisson bouillon) : 6âŽ +thym laurier :2âŽ +bouton :1âŽ 
PML	22/03/2026		CERGY	95000	Decathlon	200	4		2	ArrivÃĐe Ã  5:50. Longue file d'attente d'exposants au rond point pour accÃĐder au parking. donc j'ai  avancÃĐ pour revenir en arriÃĻre dans l'autre sens ; L'annÃĐe prochaine passer par la dÃĐchetterie aprÃĻs les garages . J'ÃĐtais garÃĐ Ã  gauche , Ã§a va . surchargÃĐ Ã  9:15. Attention pour ne pas ÃŠtre bloquÃĐ.qualitÃĐ moyenne moins bien, que ableiges . On a vu rapidement des dÃĐÃ§us de Valmondois revenir	Livres=4âŽ +avocats=2âŽ
FRA	22/03/2026		CERGY	95000	Decathlon	200					
PML	28/03/2026		ABLEIGES	95450	A15	250	17		20		slips=20âŽ+Harry Potter=10âŽ+scout=7âŽ
FRA	28/03/2026		ABLEIGES	95450	A15	250			13		Le creuset :8âŽ +Tissus Ã  matelas :5âŽ
PML	29/03/2026		NUCOURT	95420	Centre Ville	150	11		25	ArrivÃĐe 5:50. garÃĐ sur parking. pas loin du manÃĻge Ã§a va. pour le retour vers ableiges 8:15  un peu tard	cocotte=25âŽ+draps=5âŽ+serviettes=4âŽ+Livres=2âŽ  
FRA	29/03/2026		NUCOURT	95420	Centre Ville	150		24		ArrivÃĐe 5:50. garÃĐ sur parking prÃĐvu par les organisateurs pas loin du manÃĻge Ã§a va. Contrairement aux autres annÃĐes, la brocante n'avait pas lieu un week end de pÃĒques. Il faisait froid, j'ai trouvÃĐ qu'il y avait beaucoup de stands pros	Linge ancien et dentelle :10âŽ + 2 draps anciens (montrÃĐ par paul) :4âŽ +1 couvre lit en filet : 10âŽ
PML	29/03/2026		ABLEIGES	95450	A15	250	11			arrive Ã  8:30 aprÃĻs Nucourt. moins d'exposants que la veille mais moins de chineurs. 	Livres=6âŽ+pleiade=5âŽ
FRA	29/03/2026		ABLEIGES	95450	A15	250				Avec Paul, arrivÃĐe en venant de Nucourt, moins de stands que la veille .Encore peu de visiteurs beaucoup sont arrivÃĐs plus tard (venaient ils de nucoURt) ?	1 pichet tupperware : 1âŽ
PML	05/04/2026		US	95450	Centre Ville	250	44		12	ArrivÃĐe 5:00 dÃĐja du monde plus qu'en 2025. Bien comprendre la disposition  ( 4 branches). parti vers 9h. mauvaise organisation . sinon elle vaut d'ÃŠtre faite en first	33T=15âŽ+PoÃŠle Le creuset=10âŽ+livre voiture 62=2âŽ+boutons=5âŽ+2 assiette=10âŽ+assiette Lune=12âŽ
FRA	05/04/2026		US	95450	Centre Ville	250		2	10	DIMANCHE DE PÃQUES ArrivÃĐe vers 6h30. beaucoup de stands Ã  travers la ville, et dÃĐjÃ  beaucoup de monde  Mais les rues ne sont pas larges , et on a parfois du mal Ã  circuler. trouvÃĐ peu de choses; mais brocante intÃĐressante 	5 Pellicule photo fuji pÃĐrimÃĐes : 2âŽ+ produits fureter (intÃĐressants ) 10âŽ
PML	05/04/2026		SAINT-GERVAIS	95420	Centre Ville	50	2			Faite en 2. Un peu de pluie. Tristounette. Ã  faire en passant  si vraiment rien d autre	dentelle=2âŽ
PML	05/04/2026		BERNOUVILLE	27660	Centre Ville	100	12			Faite en 3. Vu therese Cavelan et son frÃĻre. Bien garÃĐ devant l'entrÃĐe la (maison d'en face). longitudinale? quelques pros Ã  faire en NÂ°2 	Livre armee=5âŽ+boutons=5âŽ+livre=2âŽ
FRA	05/04/2026		CONFLANS-SAINTE-HONORINE	78700	Mjc les Terrasses			20		ArrivÃĐe apres US vers 10h30, Brocante prÃĻs du pont.Brocante populaire , des vÃŠtements bien sÃŧr mais aussi des choses variÃĐes anciennes 	Boutons anciens : 5âŽ + theiere voiture :4âŽ + nappe ancienne 3âŽ + bouteille gigogne :1âŽ +bas nylon:7âŽ
PML	06/04/2026		L'ISLE-ADAM	95290	Centre Ville	300	34		5	ArrivÃĐe  4;45 aprÃĻs avoir visÃĐ rue de Nogent  et  m'ÃŠtre garÃĐ parking pavillon Chinois. Je me suis garÃĐ pour finir au dÃĐbut de la rue de Nogent et dans le sens du dÃĐpart pour ÃŠtre sÃŧr de ne pas me faire enfermer dans cette rue rendue difficile par un. double sens problÃĐmatique. dÃĐjÃ  des exposants beaucoups de chineurs de Ableiges transformÃĐs en exposants. configuration en croix avec comme grand axe la rue de nogent  qui donne sur une place d'oÃđ partent de 2 rues dexposants.La croix est meilleure. sur la place beaucoup de pros	vaisselle festonnÃĐe=10âŽ+Pichet V&B=4âŽ+livre ancien calcul =8âŽ+cahier soldat=8âŽ+Verre=5âŽ+Cendrier Dactylo=4âŽ
FRA	06/04/2026		OINVILLE SUR MONTCIENT	78250	Parc de la coulÃĐe verte	200		7		Lundi de PÃĒques, cette annÃĐe beaucoup d'exposants, arrivÃĐe Ã  6h30, je pense que j'aurais pu arriver plus tÃīt (contrairement Ã  l'annÃĐe prÃĐcÃĐdente oÃđ les exposants ÃĐtaient arrivÃĐs plus tard. Beaucoup d'exposants, mais aussi des brocanteurs qui cherchaient. Cette annÃĐe, je n'ai pas trouvÃĐ grand choses ,une nappe brodÃĐe. en fait beaucoup d'objets rÃĐcents ou pas qualitatif, 	Grande et longue nappe brodÃĐe :7âŽ
PML	11/04/2026		ABLEIGES	95450	A15	250	24			ArrivÃĐe 6:40 .OK Beaucoup de chineurs.Vu  arriver Bernard vers9h qui venait d'ailleurs et trÃĻs vite trouver des tableaux. Moi j'ai cassÃĐ les assiettes robuchon en rentrant. plus fragiles que ls V&B	assiettesVB=14âŽ+Boutons=6âŽ+livres=5âŽ
FRA	11/04/2026		ABLEIGES	95450	A15	250				ArrivÃĐe vers 7h. c'est Ableiges. AchetÃĐ au "Copain Paul" qui est souvent sous le hangar. Il a des prix raisonnables et on peut discuter	Livre Mucha :4âŽ +lot accessoire boucles ceinture &anneau laiton ancien + Nappe ancienne :10âŽ
PML	12/04/2026		SAGY	95450	Centre Ville	150				ArrivÃĐe 5:30  avec Francine. pas de parking visiteur comme annoncÃĐ. peu d'exposants comparÃĐ aux grandes annÃĐes avec rien Ã  acheter aussi A 8h on est parti pour ableiges qui est Ã  cÃītÃĐ	
FRA	12/04/2026		SAGY	95450	Centre Ville	150		0		ArrivÃĐ tÃīt Ã  5h30 avec Paul. GarÃĐe de l'autre cÃītÃĐ du rond point dans un chemin.contrairement Ã  mes souvenirs, les exposants ont mis longtemps Ã  arriver. pour me rÃĐchauffer en attendant , j'ai fait plusieurs fois la brocante. Impression de toujours les mÃŠmes et toujours au mÃŠme endroit. DÃĐcue, je n'ai rien acheter. On est parti Ã  ableiges	Rien achetÃĐ 0
PML	12/04/2026		ABLEIGES	95450	A15	150	7			Faite en 2 aprÃĻs Sagy. Moins d'exposants que samedi mais la concentration des exposants ÃĐvite les marches entre les exposants espacÃĐs de sagy. erreur de ma part de calcul des protÃĻges cahiers ( j'ai comptÃĐ 15 PC Ã  0,50 les 2 pour 7âŽ) Le vendeur ( le portugais ) n'a rien dit bien sur mais je lui donne raison	assiettesVB=14âŽ+Boutons=6âŽ+livres=5âŽ
FRA	12/04/2026		ABLEIGES	95450	A15	150		20		Apres Sagy, bcp moins de stands que le samedi. Sur un stand, ÃĐtait vendu du linge etc. mis dans des cartons au prix bas Provenait d'un vide maison	4draps metis, sous emballages + plat en porcelaine + 3 torchons + 3 drap-housses + taies metis : 20âŽ
PML	19/04/2026		CERGY	95000	Decathlon	200	11			ArrivÃĐe 6h. J'ai cafouillÃĐ en passant via la dÃĐchetterie. ensuite  la porte ÃĐtait rÃĐservÃĐe aux exposants donc dÃĐtour de 150 m via route sans trottoir don prudence  de nuit.QualitÃĐ faible mais nÃĐanmoins J'ai trouvÃĐ 2 beaux livres architectures egypte et des boutons anciens. Donc Ã§a va. Il y avait aussi  breval , chaussy , beauchamp et la grande  rÃĐderie d'Amiens.mais c'est loin et l'essence est cher	
FRA	19/04/2026		CERGY	95000	Decathlon	200				ArrivÃĐe 6h.  Des stands dÃĐjÃ  installÃĐes, peu de vrais particuliers, des outils , des vÃŠtements, etc, plutÃīt un marchÃĐ orientÃĐ occase. Une dame m'a dit acheter des livres sur palette et les revendre sur vinted ou brocante. J'ai trouvÃĐ 2 jolies V&B que paul a tenu en main, mais parce qu'il y avait une ÃĐtiquette (pourtant V&B) n'a pas vu que c'ÃĐtait des Villeroy Bon, cette brocante n'est pas loin, peut ÃŠtre s'amÃĐliorera t elle avec les beaux jours	2 tasses et soucoupes V&B:2âŽ+Livres couture poupee : 2âŽ
FRA	26/04/2026		CONFLANS-SAINTE-HONORINE	78700	Rue Maurice Berteaux	300		4	8	ArrivÃĐe Ã  5h10;GarÃĐe a qq mÃĐtres du debut de la brocante. les vendeurs commencaient Ã  s"installer. Mais cette brocante est en baisse. Des vetements, des choses recentes . pas vu grand chose d'intÃĐressant . J'ai achete une bouilloire V&B a mon arrivÃĐe, dans le noir je n'ai pas vu qu'il y avait un eclat d'email; sinon interieur neuf	1 bouilloire V&B :5âŽ+ sac Lancaster :3âŽ+ reveil Mickey ancien :3âŽ + 5revues anciennes mode :0,50âŽ + 1 Livre Nrf ancien, de st Exupery :0,30âŽ
PML	26/04/2026		ABLEIGES	95450	A15	150	18		9	ArrivÃĐe 6:40. pas l'affluence des grands jours. On a vu les chineurs dÃĐÃ§us de conflans commencer Ã  arriver vers 9h. Belle planche de dÃĐcoupe	Plateau=3âŽ+Table dÃĐcoupe=3âŽ+Coussins=3âŽ+livrets 40/45=2âŽ+Livre Maurois=9âŽ+assiette VB =1âŽ+Livres=6âŽ
FRA	26/04/2026		ABLEIGES	95450	A15	150		2	9	Au retour de conflans, je suis passÃĐe Ã  Ableiges; achetÃĐe lot de broderies de l'armÃĐe 	Lot broderie :2âŽ+ 3tt shirt neuf Damart : 9âŽ
PML	03/05/2026		BUTRY-SUR-OISE	95430	Centre Ville	150				Faite vers 16:30 en revenant de CDG ( clem). pas les 250 annoncÃĐs . Pas loin du passage Ã  niveau dans une rue.quelques pros et autres exposants qualitÃĐ faible. A mon avis Ã  faire en passant et pas en premier	Livres=5âŽ
PML	08/05/2026		HARAVILLIERS	95640	Lieu-dit Le Christ	100	22			ArrivÃĐe 5:50 trÃĻs bien. La salle ouvre Ã  6h . de loin coin le plus intÃĐressant	Livres=7âŽ+Echecs=10âŽ+soucoupes=3âŽ+Carafe=2âŽ
FRA	08/05/2026		HARAVILLIERS	95640	Lieu-dit Le Christ	100		0		arrivÃĐe avec Paul Ã  5h45. tout le long d'une rue et dans une grande salle communale. on revoit d'annÃĐe en annÃĐe les mÃŠmes	Rien achetÃĐ
PML	08/05/2026		CERGY	95000	Linandes		7	10		ArrivÃĐe 8:30 aprÃĻs Haravilliers. C'est bien exposants arrivent/On s'est garÃĐ dans une sorte de parking KFG . Pas moyen d'en sortir (10 Min). Beaucoup de vÃŠtements/ Peu recherchÃĐ par les chineurs Pros (pas vu un seul) A faire	2 VieuxTintin=4âŽ+vaisselle=1âŽ+Livre=1âŽ+Pc=1âŽ
FRA	08/05/2026		CERGY	95000	Linandes					dans un grand parc. Brocante ouverte Ã  partir de 8h30. Nous sommes arrivÃĐs Ã  l'ouverture. Beaucoup de vÃŠtements. 2 - 3 stands qui avaient vide des maisons	1 lot de vetements femmes anciens :10âŽ
PML	09/05/2026		PIERRELAYE	95480	Rues des Jardins					ArrivÃĐe 5:45/ Toujours du mal Ã  me repÃĐrer pour me garer. Viser en 2027 ChaussÃĐe Jules Cesar & Rue Paul Eluard/Je pense qu'il faudra passer par A15. Sinon plus d"exposant cette annÃĐe.Brocante agrÃĐable	Verres=5âŽ+Assiettes=5âŽ+Livres Musset=8âŽ+Batellerie=4âŽ+torchons=5âŽ+Livres basque=5+divers prefontaines=5âŽ`
FRA	09/05/2026		ABLEIGES	95450	A15	150	30			n'ÃĐtait pas annoncÃĐ sur bric Ã  brac, mais sur vide  j'y suis allÃĐe mais en ce weekend du 8 mai c'ÃĐtait surtout des stands de bricolage. Partie vite pour pierrelaye	
FRA	09/05/2026		PIERRELAYE	95480	Rues des Jardins			8		je me suis garÃĐe prÃĻs du collÃĻge, Ã  300 m de la brocante. arrivÃĐe vers 8h. Brocante agrÃĐable, la rue des jardins est la plus intÃĐressante.  Brocante agrÃĐable	bas Wolford :3âŽ+ livre WW :3âŽ +Cafetiere:2âŽ
PML	10/05/2026		FRESNE-LÃGUILLON	60240	Centre Ville	100	2			ArrivÃĐe 6:00.  pas la qualitÃĐ d'il y a 2 ans. moins d'exposants ( risque de pluie meteo ?) Partis trÃĻs vite Ã  Neaufles	coupe frites=2âŽ
PML	10/05/2026		NEAUFLES-SAINT-MARTIN	27830	Centre viille	200				ArrivÃĐe vers 8:00 . S'ÃĐtale dans tout le centre.Beaucoup vetements  ( tendance gÃĐnÃĐrale)/  Risque de pluie ont pu dÃĐcourager livres et exposants. A faire en NÂ°1	Boites Boutons=7âŽ
PML	10/05/2026		DOUDEAUVILLE-EN-VEXIN	27150	Centre viille	75				Faite en NÂ°3. Moins  d'exposants qu'annoncÃĐs (pluie).oeufs excellents . retrouvons ce petit producteur	Livres=3âŽ
PML	10/05/2026		ABLEIGES	95450	A15	50				En revenant. de Neaufles? Il a plu. trÃĻs peu d'exposants. partis trÃĻs vite	
FRA	10/05/2026		FRESNE-LÃGUILLON	60240	Centre Ville	100		0		ArrivÃĐe tÃīt :6h; semble s'ÃĐtaler dans toute la ville, la mÃĐtÃĐo annonÃ§ait de la pluie, il manquait beaucoup de stands. on est partis pour Neaufles saint martin rapidement	pas d'achat
FRA	10/05/2026		NEAUFLES-SAINT-MARTIN	27830	Centre viille	200		4		on est arrivÃĐe Ã  8h, on venait de Fresne Leguillon. grande brocante qui s'ÃĐtale dans toute la ville. brocante agreable, meme si bcp de vÃŠtements, on voit des articles variÃĐs	Petit lot de mercerie : 3âŽ+bloc set de table :1âŽ
FRA	10/05/2026		DOUDEAUVILLE-EN-VEXIN	27150	Centre viille	75		1	8,5	3eme brocante de la journÃĐe , on venait de neaufles saint martin. Petite brocante sympathique , peu de stand (meteo a la pluie ?) On a achetÃĐ des oeufs Ã  un couple qui semblait surtout vendre des pieds de lÃĐgumes Ã  repiquer	2 livres couture des annÃĐes 1970 :1âŽ + oeufs poule et dinde :8,5âŽ
PML	14/05/2026		SAINT-LEU-LA-FORÃT	95320	Avenue des Diablots					arrivÃĐe 5:00 . Peu d emonde comparÃĐ Ã  naguÃĻre. vu AbbÃĐ Pierre.. Pluie a beaucoup gÃĒchÃĐ des 8:000	Servuce Ulim=30âŽ+Disques=4âŽ+livre=1âŽ
FRA	14/05/2026		SAINT-LEU-LA-FORÃT	95320	Avenue des Diablots			100		 Avec Paul, temps a la pluie, plus longue a se mettre en route cette annÃĐe. trouvÃĐe lots de dentelles, couture et linge ancien	lot dentelle etc : 100 âŽ
PML	15/05/2026		BAGNOLES-DE-L'ORNE	61140	Centre Ville	300	2			Faite le Vendredi lors de l'installation . PLuie. 99% de Pros. Cher on a dÃĐcidÃĐ de partir le lendemain directement Ã  Isigny	PC=2âŽ
PML	16/05/2026		ISIGNY-SUR-MER	14230	Camping Fanal	70				Faite Ã   6h. pas de qualitÃĐ : On est parti Ã  la glacerie	
PML	16/05/2026		CHERBOURG-GLACERIE	50470	Hippodrome	100	7			Faite en 2 ce samedi . PLuie . Sur un hippodrome avec des exposants dans les box . Parti vers 10:300 Aux VVF pour early Check In	Livres =5âŽ+assiette=2âŽ
FRA	16/05/2026		CHERBOURG-GLACERIE	50470	Hippodrome	100				 	
	17/05/2026		VALOGNES	50700	Place du chateau	100	2			Dimanche faite en NÂ°1. ArrivÃĐe vers 6:00.Pas l'affluence de l'ÃĐtÃĐ. pas les 200 annoncÃĐs	Livre Mercedes=2âŽ
PML	17/05/2026		CHERBOURG-GLACERIE	50470	Hippodrome	100	2			La plupart des exposants de la veille. Partis trÃĻs vite	livres=2âŽ
FRA	17/05/2026		CHERBOURG-GLACERIE	50470	Hippodrome	100		2		moins d'exposants que la veille, mais a peu pres les memes	2 Pots de tupperware pour cafÃĐ :2 âŽ
PML	17/05/2026		TAMERVILLE	50700	Centre Ville	100	30			Vu par francine sur la route apres avoir vainement cherchÃĐ celle de Sotteville. On est tombÃĐ sur un couple faisant des vide maisons	Asspettes=8âŽ+Voiture=5âŽ+ferraille citroen=10âŽ+cadres religizux=4âŽ
FRA	17/05/2026		TAMERVILLE	50700	Centre Ville	100		7		Brocante dans un prÃĐ. agreable	Grande PoupÃĐe raynal :2âŽ +Patrons anciens :3âŽ+ tapis bains :2âŽ
PML	17/05/2026		MONTPINCHON	50210	Centre Ville				10	frites pas terribles. brocante faite en NÂ°3, agrÃĐable/ On peut trouver	
FRA	17/05/2026		MONTPINCHON	50210	Centre Ville					Beaucoup moins de stands que la brocante du mois d'aout d'aout 	rien achetÃĐ
PML	23/05/2026		GONNEVILLE	50330	Centre Ville		17		10		repas=10âŽ+livres=12âŽ+pinup=5âŽ
PML			ORGLANDES	50390	Centre Ville						
PML	24/05/2026		SAINT-GERMAIN-LE-GAILLARD	50340	Foire St Urbain						
PML	24/05/2026		COUVILLE	50690	Stade						
PML	24/05/2026		ORGLANDES	50390	Centre Ville					Pas au meme endtroit que la veille. pas grand chose	
PML	24/05/2026		GOLLEVILLE	50207	Centre Ville					faote en dernioer.OPas mal mais dur d'acces. il faisait chaud	assiettes VB=2âŽ
PML	24/05/2026		BRIX	50700	Champ					grand champ. beaucoup d'exposantsq . qualitÃĐ faible	Livre GB=6âŽ
PML	25/05/2026		LE MESNIL-AUBERT	50510	Centre Ville	50				Lundi de pÃŠntecote. Seule brocante du coin	mickey=10âŽ+pichets Pernodf=5âŽ
FRA	25/05/2026		LE MESNIL-AUBERT	50510	Centre Ville	50		21		Une 50taine de stands, des pros et qq particuliers,	Lot dentelle calais + drap ancien +lot plaque bouton pression:18 âŽ + cadre photo ancien :2âŽ+ petite boite ancienne :1âŽ
PML	30/05/2026		POISSY	78300	Saint ExupÃĐry	200				ArrivÃĐe 5:30. dÃĐjÃ  du monde. Gare dans la barre d'immeubles car route avant le pont en travaux. 	Bonnot=1âŽ+Longwy =2âŽ+aimants=2âŽ
FRA	30/05/2026		JOUY-LE-MOUTIER	95280	Ecole du Vast	150		5		Jour de canicule, arrivÃĐe verss 6h. je l'ai trouvÃĐe moins interessante que l'annÃĐe derniÃĻre . Pris contact avec une dame pour vide maison et couture a conflans	jeu de mah jpng :5âŽ+
PML	31/05/2026		HERBLAY	95220	Quartier Les Cailloux Gris	200	34			ArrivÃĐe poussive mais bien garÃĐe devant l'une des entrÃĐes. Pour 2027 bien dÃĐterminer au gps ce point. demander Ã  Daniel. S'ÃĐtend en longueur. Pas trop de concurrence chineurs. Ils ÃĐtaient ailleurs? Regarder l'annuaire des brocantes Ã  faire par PML	Brassens+33=14âŽ+Livres=4âŽ+Jules Vernes =4âŽ+Tableau=12âŽ
PML	31/05/2026		COURDIMANCHE	95800	Bd des Chasseurs	300	3			Faite en NÂ°2. SaturÃĐe. qualitÃĐ faible . Je ne suis pas restÃĐ longtemps	Livres=3âŽ
PML	31/05/2026		MAURECOURT	78780	Rue Maurice Berteaux	300	6			Faite en NÂ°3 pour Rejoindre Francine. Dur de se garer . brocante le long  de l'oise avec une rue perpendiculaire. Brocante Ã   faire plus tÃīt  	Partitions Guitare=5âŽ+Livres=1âŽ
FRA	31/05/2026		MAURECOURT	78780	Rue Maurice Berteaux	300		23		La brocante ouvrait a l'installation des vendeurs Ã  partir de 6H ( site de la mairie) .A mon arrivÃĐe  vers 6h10 , seul 2 ou 3 stands commencaient a s'installer. j'etais garÃĐ rue de la pointe des carreaux, presde la brocante. Brocante agreable , variÃĐe et riche 	1Plat V&B vieux luxembourgeois:4âŽ +Machine a coudre jouet ancienne russe :5 âŽ + terrine le creuset foie gras :3âŽ + drap chanvre :5 âŽ + tintin :0,50âŽ + foulard soie Lanvin :1âŽ+divers couture :5âŽ 